SET SQL_MODE = "NO_AUTO_VALUE_ON_ZERO";
SET time_zone = "+00:00";


/*!40101 SET @OLD_CHARACTER_SET_CLIENT=@@CHARACTER_SET_CLIENT */;
/*!40101 SET @OLD_CHARACTER_SET_RESULTS=@@CHARACTER_SET_RESULTS */;
/*!40101 SET @OLD_COLLATION_CONNECTION=@@COLLATION_CONNECTION */;
/*!40101 SET NAMES utf8mb4 */;

--
-- Database: `kirjasto`
--
CREATE DATABASE IF NOT EXISTS `kirjasto` DEFAULT CHARACTER SET utf8 COLLATE utf8_swedish_ci;
USE `kirjasto`;

-- --------------------------------------------------------

--
-- Rakenne taululle `asiakkaat`
--

CREATE TABLE `asiakkaat` (
  `asiakasnro` int(11) NOT NULL,
  `sukunimi` varchar(255) COLLATE utf8_swedish_ci DEFAULT NULL,
  `etunimi` varchar(255) COLLATE utf8_swedish_ci DEFAULT NULL,
  `katuosoite` varchar(255) COLLATE utf8_swedish_ci DEFAULT NULL,
  `postinro` varchar(5) COLLATE utf8_swedish_ci DEFAULT NULL,
  `postitmp` varchar(255) COLLATE utf8_swedish_ci DEFAULT NULL,
  `puh` varchar(255) COLLATE utf8_swedish_ci DEFAULT NULL
) ENGINE=MyISAM DEFAULT CHARSET=utf8 COLLATE=utf8_swedish_ci;

--
-- Vedos taulusta `asiakkaat`
--

INSERT INTO `asiakkaat` (`asiakasnro`, `sukunimi`, `etunimi`, `katuosoite`, `postinro`, `postitmp`, `puh`) VALUES
(885812, 'Tyrväinen', 'Miia', 'Tommolankatu 9', '50100', 'Mikkeli', '040 555 4712'),
(233269, 'Savijoki', 'Marjo', 'Kartanokatu 2-6', '50100', 'Mikkeli', '041 555 5782'),
(681791, 'Neuvonen', 'Sari', 'Madekuja 2', '51900', 'Juva', '040 555 5623'),
(446156, 'Ukkonen', 'Heidi', 'Utinkatu 65', '50100', 'Mikkeli', '040 555 3408'),
(323068, 'Kosunen', 'Päivi', 'Kalevantie 1', '50100', 'Mikkeli', '040 555 8577'),
(593728, 'Lehtonen', 'Teemu', 'Lentoportintie 3', '50100', 'Mikkeli', '045 555 9634'),
(503707, 'Karhunen', 'Saara', 'Porvarinpolku 9', '50130', 'Mikkeli', '050 555 6407'),
(966929, 'Myyryläinen', 'Jari', 'Suviojantie 19', '50170', 'Mikkeli', '040 555 1710'),
(860873, 'Karis', 'Sebastian', 'Kauppakatu 7', '52100', 'Anttola', '050 555 8741'),
(218250, 'Hokkanen', 'Anu', 'Kymenlaaksonkatu 2', '51600', 'Haukivuori', '049 555 1073'),
(860876, 'Koistinen', 'Anne', 'Valtakatu 40', '51900', 'Juva', '050 555 4951'),
(732340, 'Lehtovirta', 'Merja', 'Tervasharjunkatu 1', '51200', 'Kangasniemi', '050 555 7130'),
(335052, 'Sällström', 'Kirsi', 'Kuparintie 4', '52200', 'Puumala', '040 555 7530'),
(841262, 'Äijälä', 'Maria', 'Varuskunta-Alue', '51900', 'Juva', '045 555 8161'),
(575624, 'Nenonen', 'Heli', 'Keskikoskentie 3', '51900', 'Juva', '050 555 7839'),
(452267, 'Vahvaselkä', 'Piia', 'Päätie 20', '52100', 'Anttola', '040 555 3814'),
(858431, 'Liukkonen', 'Jarmo', 'Elimäentie 30', '52200', 'Puumala', '050 555 5331'),
(839030, 'Maltusch', 'Tuuli', 'Vanhamaantie 9', '50100', 'Mikkeli', '049 555 2208'),
(602076, 'Petäjä', 'Päivi', 'Iitintie 9', '50100', 'Mikkeli', '041 555 6636'),
(142202, 'Mattila', 'Salla', 'Jaalantie 120', '52100', 'Anttola', '040 555 9335'),
(773905, 'Pöyhönen', 'Sami', 'Kapteeninkatu 14', '52200', 'Puumala', '040 555 9920'),
(883172, 'Sinkko', 'Eetu', 'Kirkkokatu 30', '50100', 'Mikkeli', '040 555 9221'),
(120199, 'Heinäjärvi', 'Aapo', 'Porrassalmenkatu 23', '50100', 'Mikkeli', '045 555 2600'),
(254306, 'Kankkunen', 'Panu', 'Kirkkokatu 7', '50130', 'Mikkeli', '050 555 8478'),
(287113, 'Moilanen', 'Saku', 'Koulukatu 6 B', '50170', 'Mikkeli', '040 555 8625'),
(492331, 'Lamberg', 'Jarkko', 'Tarinatie 2', '50190', 'Mikkeli', '050 555 1107'),
(886458, 'Kokkonen', 'Tanja', 'Hakamäentie 1', '50190', 'Mikkeli', '049 555 6848'),
(409274, 'Eerikäinen', 'Antti', 'Jumalniementie 8', '50600', 'Mikkeli', '040 555 4202'),
(565454, 'Korhonen', 'Jaakko', 'Karhulantie 30', '51200', 'Kangasniemi', '045 555 4193'),
(268962, 'Kemppainen', 'Peter', 'Karhulantie 36', '51600', 'Haukivuori', '050 555 4354'),
(562199, 'Savander', 'Susanna', 'Karjalantie 10', '51900', 'Juva', '040 555 2772'),
(991803, 'Anttonen', 'Roni', 'Haminantie 1', '51900', 'Juva', '050 555 1752'),
(474873, 'Sipinen', 'Matti', 'Malminsuontie 2', '52100', 'Anttola', '049 555 1555'),
(730907, 'Nykänen', 'Hanna', 'Kaivokatu 10', '52200', 'Puumala', '050 555 1975'),
(791193, 'Piispanen', 'Jake', 'Puistokatu 6', '52300', 'Ristiina', '050 555 4181'),
(121577, 'Herttuainen', 'Jouni', 'Satamakatu 11', '52550', 'Hirvensalmi', '040 555 8635'),
(258804, 'Turunen', 'Tiina', 'Sibeliuskatu 27', '52700', 'Mäntyharju', '045 555 9945'),
(974668, 'Liukkonen', 'Markku', 'Helsingintie 1', '52830', 'Suomenniemi', '050 555 5814'),
(858759, 'Riihiaho', 'Arto', 'Keskustie 1', '50100', 'Mikkeli', '040 555 6669'),
(884672, 'Nupponen', 'Marko', 'Opintie 1', '50100', 'Mikkeli', '050 555 2282'),
(268948, 'Laitinen', 'Lasse', 'Hallituskatu 6', '50100', 'Mikkeli', '049 555 8131'),
(240846, 'Ruskojärvi', 'Tuulia', 'Maaherrankatu 13', '50100', 'Mikkeli', '041 555 3408'),
(343747, 'Kepsu', 'Marika', 'Porrassalmenkatu 19', '50100', 'Mikkeli', '040 555 8089'),
(342944, 'Paunonen', 'Marko', 'Tulliportinkatu 10', '51900', 'Juva', '040 555 1382'),
(903896, 'Korhonen', 'Jani', 'Setrikatu 2', '51200', 'Kangasniemi', '050 555 3199'),
(179004, 'Hämäläinen', 'Riitta', 'Hietakatu 7', '50170', 'Mikkeli', '049 555 8487'),
(948764, 'Matilainen', 'Antti', 'Suntionkuja 1', '50190', 'Mikkeli', '041 555 1339'),
(453472, 'Nykänen', 'Oskari', 'Graanintie 1', '50190', 'Mikkeli', '049 555 3964'),
(194414, 'Eronen', 'Hannu', 'Vanhamäentie 1', '50600', 'Mikkeli', '050 555 4049'),
(533049, 'Hukkanen', 'Tatjana', 'Otto Mannisentie 1', '51200', 'Kangasniemi', '050 555 3002'),
(641513, 'Rimaila', 'Ville', 'Keskustie 76', '51600', 'Haukivuori', '040 555 7748'),
(440831, 'Kiuru', 'Jutta', 'Piikkiläntie 3', '51900', 'Juva', '045 555 8147'),
(841953, 'Summanen', 'Juhani', 'Tulostie 1', '51900', 'Juva', '050 555 4818'),
(940061, 'Rajapolvi', 'Sara', 'Mikkelintie 45', '52100', 'Anttola', '040 555 3053'),
(478701, 'Jokinen', 'Antti', 'Keskustie 4', '52200', 'Puumala', '050 555 7202'),
(742605, 'Haponen', 'Henri', 'Brahentie 16', '52300', 'Ristiina', '049 555 5136'),
(311866, 'Sivonen', 'Helena', 'Hirvensalmentie 21', '52550', 'Hirvensalmi', '041 555 2442'),
(631606, 'Tervonen', 'Anne ', 'Pentinpolku 1', '52700', 'Mäntyharju', '040 555 7606'),
(364936, 'Mentula', 'Harri', 'Lappeenrannantie 34 A', '50100', 'Mikkeli', '040 555 7091'),
(178674, 'Hurri', 'Joni', 'Brahenkatu 1', '50100', 'Mikkeli', '040 555 3220'),
(709272, 'Nordqvist', 'Tuomas', 'Kauppakatu 29', '51200', 'Kangasniemi', '045 555 2719'),
(917328, 'Honkanen', 'Tero', 'Kauppakatu 40', '51200', 'Kangasniemi', '050 555 2238'),
(764763, 'Torniainen', 'Teppo', 'Kirkkokatu 9', '50100', 'Mikkeli', '040 555 7804'),
(315133, 'Hostila', 'Markus', 'Ratakatu 31', '50100', 'Mikkeli', '050 555 9742'),
(181964, 'Pekkarinen', 'Joonas', 'Valtakatu 32', '52200', 'Puumala', '049 555 5785'),
(321302, 'Puttonen', 'Jarkko', 'Villimiehenkatu 3', '52300', 'Ristiina', '040 555 5028'),
(785042, 'Koskelainen', 'Timo', 'Standertskjöldinkatu 6', '52550', 'Hirvensalmi', '045 555 1049'),
(205805, 'Metsälä', 'Henri', 'Karjalantie 25', '50190', 'Mikkeli', '050 555 8388'),
(308350, 'Kinnunen', 'Paavo', 'Kauppakäytävä 6', '50600', 'Mikkeli', '040 555 2711'),
(875866, 'Nieminen', 'Mari', 'Hirsimäenkatu 1', '51200', 'Kangasniemi', '050 555 3295'),
(893725, 'Lampinen', 'Katja', 'Kaakkoiskaari 22', '51600', 'Haukivuori', '049 555 9759'),
(597569, 'Mäntylä', 'Matti', 'Toikansuontie 4', '51900', 'Juva', '050 555 3030'),
(525817, 'Sulkava', 'Joonas', 'Puhakankatu 1', '51900', 'Juva', '050 555 4134'),
(908075, 'Taavitsainen', 'Joonas', 'Puhakankatu 9', '52100', 'Anttola', '040 555 2826'),
(787722, 'Laitinen', 'Ville', 'Katajakatu 10', '52200', 'Puumala', '045 555 6233'),
(257672, 'Murtonen', 'Harri', 'Orioninkatu 2', '52300', 'Ristiina', '050 555 6966'),
(404325, 'Räisä', 'Annemari', 'Satamatie 30', '50100', 'Mikkeli', '040 555 3259'),
(821627, 'Kaarla', 'Ville', 'Voisalmentie 9', '50100', 'Mikkeli', '050 555 4706'),
(813782, 'Roponen', 'Kimmo', 'Keskuskatu 4', '50100', 'Mikkeli', '049 555 7918'),
(654621, 'Vaario', 'Juho-Matti', 'Keskuskatu 5', '52100', 'Anttola', '041 555 5720'),
(375009, 'Lokka', 'Harri', 'Linnalantie 51', '51600', 'Haukivuori', '040 555 9203'),
(794710, 'Karppinen', 'Marjo', 'Uimintie 1', '51900', 'Juva', '040 555 4623'),
(559230, 'Pöysti', 'Sami', 'Torikatu 6', '51200', 'Kangasniemi', '050 555 6200'),
(581980, 'Ruotsalainen', 'Juulia', 'Kuhatie 12-14', '52200', 'Puumala', '049 555 7865'),
(311035, 'Autio', 'Ville', 'Koskenparras 3', '50190', 'Mikkeli', '041 555 2963'),
(538401, 'Rantonen', 'Jani', 'Lappeentie 9', '50190', 'Mikkeli', '040 555 4500'),
(757408, 'Linnanmäki', 'Mika', 'Karhumäenkatu 1', '50600', 'Mikkeli', '040 555 2927'),
(704972, 'Tuononen', 'Arja', 'Koskikatu 1', '51200', 'Kangasniemi', '040 555 8785'),
(648115, 'Laamanen', 'Tomi', 'Tietäjänkatu 2', '51600', 'Haukivuori', '045 555 7832'),
(662864, 'Hirvonen', 'Juha', 'Ensontie 32', '51900', 'Juva', '050 555 1061'),
(442902, 'Saarenpää', 'Heidi', 'Torikatu 9', '51900', 'Juva', '040 555 2970'),
(138414, 'Iittainen', 'Teija', 'Vuoksenniskantie 91', '52100', 'Anttola', '050 555 7445'),
(317783, 'Pöyhönen', 'Martti', 'Rasilantie 56', '52200', 'Puumala', '049 555 4896'),
(957039, 'Tervonen', 'Matti', 'Pankkikatu 1', '52300', 'Ristiina', '040 555 1187'),
(991606, 'Sorsa', 'Keijo', 'Olavinkatu 57', '52550', 'Hirvensalmi', '045 555 1278'),
(622987, 'Raatikainen', 'Esa', 'Kirkkokatu 5', '52700', 'Mäntyharju', '050 555 1788'),
(516969, 'Himanen', 'Kalle', 'Kauppatori 6', '52830', 'Suomenniemi', '040 555 6718'),
(400780, 'Nikkinen', 'Virpi', 'Ilokallionkatu 4', '50190', 'Mikkeli', '050 555 1673'),
(544733, 'Haverinen', 'Hanna', 'Kullervonkatu 1', '50190', 'Mikkeli', '049 555 4225'),
(389263, 'Häkkinen', 'Mari', 'Nojanmaantie 15', '50600', 'Mikkeli', '050 555 5730'),
(280178, 'Martikainen', 'Vuokko', 'Aholahdentie 8', '51200', 'Kangasniemi', '050 555 9539'),
(349010, 'Aalto', 'Mervi', 'Enonkoskentie 12', '51600', 'Haukivuori', '040 555 8170'),
(885787, 'Hokkanen', 'Anja', 'Hälväntie 2', '51900', 'Juva', '045 555 4243'),
(630005, 'Haavisto', 'Päivi', 'Kauppatie 18', '51900', 'Juva', '050 555 1646'),
(920489, 'Nuutinen', 'Jani', 'Alanteentie 38', '52100', 'Anttola', '040 555 7932'),
(529099, 'Liukkonen', 'Mervi', 'Kylätie 28', '50600', 'Mikkeli', '050 555 6951'),
(527022, 'Ryhänen', 'Outi', 'Parikkalantie 23', '51200', 'Kangasniemi', '040 555 3786'),
(824896, 'Särkkä', 'Tarja', 'Kesälahdentie 30 A', '51600', 'Haukivuori', '045 555 3845'),
(360111, 'Janhunen', 'Satu', 'Kauppatori 3', '51900', 'Juva', '050 555 5473'),
(817458, 'Vitkovskaya', 'Anni', 'Keskuskatu 9', '51900', 'Juva', '040 555 2498'),
(396914, 'Kuitunen', 'Sirpa', 'Keskustori 4', '52100', 'Anttola', '050 555 9143'),
(941616, 'Lamberg', 'Satu', 'Puskantie 13', '52200', 'Puumala', '049 555 7353'),
(739144, 'Nissinen', 'Tuomas', 'Päivölänkatu 40', '52300', 'Ristiina', '041 555 7903'),
(488361, 'Istolainen', 'Sami', 'Tapiolantie 18', '52550', 'Hirvensalmi', '040 555 8208'),
(617165, 'Hämäläinen', 'Sari', 'Toritaival 2', '52700', 'Mäntyharju', '040 555 3198'),
(283827, 'Laine', 'Pirjo', 'Vuoritie 6', '52830', 'Suomenniemi', '040 555 6949'),
(274245, 'Tulla', 'Marjo', 'Koskenalantie 5', '50190', 'Mikkeli', '045 555 3273'),
(616307, 'Partanen', 'Kirsi', 'Suupohjantie 45', '50190', 'Mikkeli', '050 555 6637'),
(379007, 'Ollilainen', 'Tuija', 'Hyllykalliontie 2', '50600', 'Mikkeli', '040 555 9364'),
(716365, 'Pesonen', 'Pirkko', 'Porrassalmenkatu 33', '51200', 'Kangasniemi', '050 555 3845'),
(471686, 'Kyllönen', 'Merja', 'Kaarretie 2', '51600', 'Haukivuori', '049 555 3570'),
(815601, 'Mutanen', 'Leila', 'Valkiavuorentie 2', '50100', 'Mikkeli', '040 555 7354'),
(957198, 'Kuurne', 'Mari', 'Kauppatie 7', '50100', 'Mikkeli', '045 555 8884'),
(596168, 'Siiskonen', 'Riitta', 'Keskustie 20', '50100', 'Mikkeli', '050 555 7948');

-- --------------------------------------------------------

--
-- Rakenne taululle `niteet`
--

CREATE TABLE `niteet` (
  `nide_id` int(11) NOT NULL,
  `teos_id` int(11) NOT NULL,
  `tyyppi` varchar(255) COLLATE utf8_swedish_ci NOT NULL,
  `lainaaika_vrk` int(11) NOT NULL DEFAULT '28'
) ENGINE=MyISAM DEFAULT CHARSET=utf8 COLLATE=utf8_swedish_ci;

--
-- Vedos taulusta `niteet`
--

INSERT INTO `niteet` (`nide_id`, `teos_id`, `tyyppi`, `lainaaika_vrk`) VALUES
(7812, 5970, 'Kirja', 28),
(7813, 5970, 'Kirja', 28),
(7814, 9202, 'Kirja', 28),
(7815, 9202, 'Kirja', 28),
(7816, 9202, 'Kirja', 28),
(7817, 5593, 'Kirja', 28),
(7818, 5593, 'Kirja', 28),
(7819, 5593, 'Kirja', 28),
(7820, 2955, 'Kirja', 28),
(7821, 2955, 'Kirja', 28),
(7822, 2955, 'Kirja', 28),
(7823, 8737, 'Kirja', 28),
(7824, 8737, 'Kirja', 28),
(7825, 8737, 'Kirja', 28),
(7826, 8550, 'Kirja', 28),
(7827, 9400, 'Kirja', 28),
(7828, 9400, 'Kirja', 28),
(7829, 4087, 'Kirja', 28),
(7830, 4087, 'Kirja', 28),
(7831, 6047, 'Kirja', 28),
(7832, 6498, 'Kirja', 28),
(7833, 4660, 'Äänikirja', 14),
(7834, 4660, 'Äänikirja', 14),
(7835, 4660, 'Äänikirja', 14),
(7836, 9633, 'Kirja', 28),
(7837, 9633, 'Kirja', 28),
(7838, 1450, 'Kirja', 28),
(7839, 1450, 'Kirja', 28),
(7840, 1450, 'Kirja', 28),
(7841, 2726, 'Äänikirja', 14),
(7842, 2726, 'Äänikirja', 14),
(7843, 7431, 'Kirja', 28),
(7844, 7239, 'Kirja', 28),
(7845, 7239, 'Kirja', 28),
(7846, 8786, 'Äänikirja', 14),
(7847, 8786, 'Äänikirja', 14),
(7848, 8786, 'Äänikirja', 14),
(7849, 2147, 'Äänikirja', 14),
(7850, 2147, 'Äänikirja', 14),
(7851, 1440, 'Äänikirja', 14),
(7852, 3375, 'Kirja', 28),
(7853, 3375, 'Kirja', 28),
(7854, 3375, 'Kirja', 28),
(7855, 9051, 'Kirja', 28),
(7856, 9051, 'Kirja', 28),
(7857, 1662, 'Äänikirja', 14),
(7858, 1662, 'Äänikirja', 14),
(7859, 1662, 'Äänikirja', 14),
(7860, 3430, 'Kirja', 28),
(7861, 3430, 'Kirja', 28),
(7862, 3430, 'Kirja', 28),
(7863, 3931, 'Äänikirja', 14),
(7864, 3931, 'Äänikirja', 14),
(7865, 3416, 'Äänikirja', 14),
(7866, 8723, 'Äänikirja', 14),
(7867, 4605, 'Kirja', 28),
(7868, 3018, 'Kirja', 28),
(7869, 3018, 'Kirja', 28),
(7870, 3018, 'Kirja', 28),
(7871, 4584, 'Äänikirja', 14),
(7872, 4584, 'Äänikirja', 14),
(7873, 7057, 'Äänikirja', 14),
(7874, 6618, 'Kirja', 28),
(7875, 3055, 'Äänikirja', 14),
(7876, 3055, 'Äänikirja', 14),
(7877, 8625, 'Äänikirja', 14),
(7878, 8625, 'Äänikirja', 14),
(7879, 8559, 'Äänikirja', 14),
(7880, 8559, 'Äänikirja', 14),
(7881, 5697, 'Kirja', 28),
(7882, 5697, 'Kirja', 28),
(7883, 2513, 'Kirja', 28),
(7884, 2513, 'Kirja', 28),
(7885, 5718, 'Kirja', 28),
(7886, 5718, 'Kirja', 28),
(7887, 2368, 'Kirja', 28),
(7888, 2368, 'Kirja', 28),
(7889, 2249, 'Äänikirja', 14),
(7890, 3728, 'Kirja', 28),
(7891, 3728, 'Kirja', 28),
(7892, 3728, 'Kirja', 28),
(7893, 4109, 'Äänikirja', 14),
(7894, 4109, 'Äänikirja', 14),
(7895, 4109, 'Äänikirja', 14),
(7896, 2203, 'Äänikirja', 14),
(7897, 2203, 'Äänikirja', 14),
(7898, 2203, 'Äänikirja', 14),
(7899, 7633, 'Kirja', 28),
(7900, 5692, 'Äänikirja', 14),
(7901, 8118, 'Kirja', 28),
(7902, 8118, 'Kirja', 28),
(7903, 5548, 'Kirja', 28),
(7904, 4397, 'Kirja', 28),
(7905, 4397, 'Kirja', 28),
(7906, 2171, 'Kirja', 28),
(7907, 2171, 'Kirja', 28),
(7908, 2171, 'Kirja', 28),
(7909, 6951, 'Äänikirja', 14),
(7910, 6951, 'Äänikirja', 14),
(7911, 6951, 'Äänikirja', 14),
(7912, 8846, 'Kirja', 28),
(7913, 8846, 'Kirja', 28),
(7914, 8846, 'Kirja', 28),
(7915, 2221, 'Äänikirja', 14),
(7916, 2221, 'Äänikirja', 14),
(7917, 8646, 'Kirja', 28),
(7918, 2117, 'Äänikirja', 14),
(7919, 3891, 'Äänikirja', 14),
(7920, 2786, 'Kirja', 28),
(7921, 3449, 'Äänikirja', 14),
(7922, 3449, 'Äänikirja', 14),
(7923, 3449, 'Äänikirja', 14),
(7924, 5173, 'Kirja', 28),
(7925, 5173, 'Kirja', 28),
(7926, 1238, 'Kirja', 28),
(7927, 8211, 'Äänikirja', 14),
(7928, 8211, 'Äänikirja', 14),
(7929, 8211, 'Äänikirja', 14),
(7930, 9543, 'Kirja', 28),
(7931, 9543, 'Kirja', 28),
(7932, 9543, 'Kirja', 28),
(7933, 1590, 'Äänikirja', 14),
(7934, 1590, 'Äänikirja', 14),
(7935, 5392, 'Kirja', 28),
(7936, 5392, 'Kirja', 28),
(7937, 7839, 'Kirja', 28),
(7938, 7839, 'Kirja', 28),
(7939, 5894, 'Kirja', 28),
(7940, 5894, 'Kirja', 28),
(7941, 4308, 'Kirja', 28),
(7942, 4308, 'Kirja', 28),
(7943, 4308, 'Kirja', 28),
(7944, 7787, 'Kirja', 28),
(7945, 7787, 'Kirja', 28),
(7946, 7787, 'Kirja', 28),
(7947, 5192, 'Kirja', 28),
(7948, 5192, 'Kirja', 28),
(7949, 3437, 'Kirja', 28),
(7950, 3437, 'Kirja', 28),
(7951, 3437, 'Kirja', 28),
(7952, 1839, 'Äänikirja', 14),
(7953, 1839, 'Äänikirja', 14),
(7954, 6287, 'Kirja', 28),
(7955, 6287, 'Kirja', 28),
(7956, 8589, 'Kirja', 28),
(7957, 8589, 'Kirja', 28),
(7958, 7297, 'Äänikirja', 14),
(7959, 2490, 'Äänikirja', 14),
(7960, 2490, 'Äänikirja', 14),
(7961, 3646, 'Äänikirja', 14),
(7962, 1379, 'Kirja', 28),
(7963, 1379, 'Kirja', 28),
(7964, 1379, 'Kirja', 28),
(7965, 8763, 'Äänikirja', 14),
(7966, 5941, 'Kirja', 28),
(7967, 5941, 'Kirja', 28),
(7968, 4492, 'Kirja', 28),
(7969, 7722, 'Äänikirja', 14),
(7970, 3965, 'Kirja', 28),
(7971, 4587, 'Äänikirja', 14),
(7972, 4587, 'Äänikirja', 14),
(7973, 8829, 'Kirja', 28),
(7974, 5533, 'Kirja', 28),
(7975, 7382, 'Äänikirja', 14),
(7976, 7382, 'Äänikirja', 14),
(7977, 7382, 'Äänikirja', 14),
(7978, 6404, 'Kirja', 28),
(7979, 7883, 'Kirja', 28),
(7980, 5582, 'Äänikirja', 14),
(7981, 5582, 'Äänikirja', 14),
(7982, 9022, 'Äänikirja', 14),
(7983, 9022, 'Äänikirja', 14),
(7984, 9022, 'Äänikirja', 14),
(7985, 1178, 'Kirja', 28),
(7986, 1178, 'Kirja', 28),
(7987, 5270, 'Äänikirja', 14),
(7988, 5270, 'Äänikirja', 14),
(7989, 4911, 'Kirja', 28),
(7990, 6515, 'Kirja', 28),
(7991, 3207, 'Äänikirja', 14),
(7992, 3207, 'Äänikirja', 14),
(7993, 6108, 'Kirja', 28),
(7994, 6108, 'Kirja', 28),
(7995, 9809, 'Kirja', 28),
(7996, 9809, 'Kirja', 28),
(7997, 9650, 'Kirja', 28),
(7998, 7697, 'Kirja', 28),
(7999, 7697, 'Kirja', 28),
(8000, 7697, 'Kirja', 28),
(8001, 5599, 'Kirja', 28),
(8002, 5599, 'Kirja', 28),
(8003, 5599, 'Kirja', 28),
(8004, 8349, 'Kirja', 28),
(8005, 8349, 'Kirja', 28),
(8006, 8596, 'Kirja', 28),
(8007, 8596, 'Kirja', 28),
(8008, 1443, 'Kirja', 28),
(8009, 1443, 'Kirja', 28),
(8010, 1443, 'Kirja', 28),
(8011, 9582, 'Kirja', 28),
(8012, 9582, 'Kirja', 28),
(8013, 8130, 'Kirja', 28),
(8014, 8130, 'Kirja', 28),
(8015, 3070, 'Kirja', 28),
(8016, 3070, 'Kirja', 28),
(8017, 2307, 'Kirja', 28),
(8018, 2307, 'Kirja', 28),
(8019, 2404, 'Kirja', 28),
(8020, 2404, 'Kirja', 28),
(8021, 9348, 'Kirja', 28),
(8022, 9348, 'Kirja', 28),
(8023, 2991, 'Kirja', 28),
(8024, 2991, 'Kirja', 28),
(8025, 2991, 'Kirja', 28),
(8026, 4912, 'Kirja', 28),
(8027, 4912, 'Kirja', 28),
(8028, 4855, 'Kirja', 28),
(8029, 4855, 'Kirja', 28),
(8030, 4855, 'Kirja', 28),
(8031, 5526, 'Kirja', 28),
(8032, 5526, 'Kirja', 28),
(8033, 5526, 'Kirja', 28),
(8034, 2582, 'Kirja', 28),
(8035, 2582, 'Kirja', 28),
(8036, 4673, 'Kirja', 28),
(8037, 6760, 'Kirja', 28),
(8038, 6760, 'Kirja', 28),
(8039, 1903, 'Kirja', 28),
(8040, 1903, 'Kirja', 28),
(8041, 1903, 'Kirja', 28),
(8042, 3753, 'Kirja', 28),
(8043, 6651, 'Kirja', 28),
(8044, 6651, 'Kirja', 28),
(8045, 9919, 'Kirja', 28),
(8046, 9919, 'Kirja', 28),
(8047, 9919, 'Kirja', 28),
(8048, 9125, 'Kirja', 28),
(8049, 9125, 'Kirja', 28),
(8050, 9125, 'Kirja', 28),
(8051, 1771, 'Kirja', 28),
(8052, 1771, 'Kirja', 28),
(8053, 5742, 'Kirja', 28),
(8054, 5507, 'Kirja', 28),
(8055, 5507, 'Kirja', 28),
(8056, 8760, 'Kirja', 28),
(8057, 8760, 'Kirja', 28),
(8058, 8760, 'Kirja', 28),
(8059, 3464, 'Kirja', 28),
(8060, 3464, 'Kirja', 28),
(8061, 3464, 'Kirja', 28),
(8062, 3179, 'Kirja', 28),
(8063, 3179, 'Kirja', 28),
(8064, 7605, 'Kirja', 28),
(8065, 6188, 'Äänikirja', 14),
(8066, 6275, 'Kirja', 28),
(8067, 6275, 'Kirja', 28),
(8068, 4817, 'Kirja', 28),
(8069, 4817, 'Kirja', 28),
(8070, 8028, 'Kirja', 28),
(8071, 8028, 'Kirja', 28),
(8072, 8028, 'Kirja', 28),
(8073, 9758, 'Kirja', 28),
(8074, 9758, 'Kirja', 28),
(8075, 9758, 'Kirja', 28);

-- --------------------------------------------------------

--
-- Rakenne taululle `teokset`
--

CREATE TABLE `teokset` (
  `teos_id` int(11) NOT NULL,
  `luokka` varchar(10) COLLATE utf8_swedish_ci DEFAULT NULL,
  `kirjoittaja` varchar(255) COLLATE utf8_swedish_ci DEFAULT NULL,
  `nimike` varchar(255) COLLATE utf8_swedish_ci DEFAULT NULL
) ENGINE=MyISAM DEFAULT CHARSET=utf8 COLLATE=utf8_swedish_ci;

--
-- Vedos taulusta `teokset`
--

INSERT INTO `teokset` (`teos_id`, `luokka`, `kirjoittaja`, `nimike`) VALUES
(5970, '30.13', 'Honkasalo, Laura', 'Pöytä yhdelle : yksinäisyydestä ja yksin'),
(9202, '32.18', 'Kasparov, Garri', 'Talvi lähestyy : Vladimir Putin ja vapaan'),
(5593, '32.2', 'Kettu, Katja', 'Fintiaanien mailla'),
(2955, '61.3', 'Koch, Jørgen', 'Office 2016 & Office 365 : Word, Excel'),
(8737, '65.424', 'Etula, Kirsi', 'Mekkotehdas koulutyttöjen tyyliin'),
(8550, '65.43', 'Kaarela, Tiina', 'Puikkomaisterin lapaskirja'),
(9400, '65.43', 'Karmitsa, Lumi', 'Villit vanttuut & vallattomat villasukat'),
(4087, '68.2', 'Moilanen, Mari', 'Syötäviä vietäviä : lahjoja keittiöstä'),
(6047, '68.24', 'Wikström, Anders', 'Onnellinen leipuri'),
(6498, '69.35', 'Leppänen, Timo', 'Merkilliset nimet : tarinoita yritysten ja tuotteiden'),
(4660, '77.192', 'West, Taina', 'Tänä iltana Jukka Puotila'),
(9633, '77.4983', 'Paul, Gill', 'Hollywoodin rakkaustarinoita'),
(1450, '77.4983', 'Wallace, Daniel', 'Warcraft : pimeyden portaalin tuolla puolen'),
(2726, '79.12', 'Ahonen, Janne', 'Kuningaskotka'),
(7431, '79.1809', 'Mentula, Jari', 'Bull´s all out'),
(7239, '79.81', 'Kuorikoski, Juho', 'X-COM : tietokonepelien klassikot'),
(8786, '79.814', 'Löfgren, Kai', 'Kisavisa : 365 knoppia suomiurheilusta'),
(2147, '86.2', 'Kilpinen, Inkeri', 'Toisinajattelija'),
(1440, '86.2', 'Vartio, Marja-Liisa', 'Sylvi Kekkosen muotokuva'),
(3375, '92.73', 'Raevuori, Antero', 'Tuho taivaalta : talvisodan pommitukset'),
(9051, '99.1', 'Koivukangas', 'Tunturien kautta Elsantievalle'),
(1662, '99.1', 'Kännö, Sakari', 'Mosku : kertomus poromies Aleksanteri'),
(3430, '99.1', 'Nykänen, Harri', 'Likainen Harri : 20 vuotta Erkon renkinä'),
(3931, '99.1', 'Wu, Emily', 'Kuin höyhen myrskytuulessa : kiinalaisen tytön'),
(3416, '99.13', 'Appelsin, Ulla', 'Adolf Ehrnrooth : kenraalin vuosisata'),
(8723, '99.139', 'Sarjanen, Petri', 'Tuntematon Rokka'),
(4605, '84.2', 'Ahonen, Markus', 'Jäljet : romaani rikoksista ja ihmisistä'),
(3018, '84.2', 'Ahonen, Markus', 'Palava sydän'),
(4584, '84.2', 'Amnell, Anna', 'Kyynärän mittainen tyttö'),
(7057, '84.2', 'Anttila, Elsa', 'Kolmas kassa vasemmalta : romaani'),
(6618, '84.2', 'Binchy, Maeve', 'Tulikärpästen kesä'),
(3055, '84.2', 'Brizzi, Fausto', '100 onnen päivää'),
(8625, '84.2', 'Child, Lee', 'Pakon edessä'),
(8559, '84.2', 'Child, Lee.', 'Terässeinä'),
(5697, '84.2', 'Christie, Agatha', 'Lomahotellin murhat'),
(2513, '84.2', 'Connelly, Michael', 'Risteyskohta'),
(5718, '84.2', 'Ekholm', 'Rakkaus niinku'),
(2368, '84.2', 'Fellowes, Julian', 'Belgravia'),
(2249, '84.2', 'Guareschi', 'Isä Camillo ja ne nykynuoret'),
(3728, '84.2', 'Gyllander, Varg', 'Joskus köysi katkeaa'),
(4109, '84.2', 'Haapanen, Atso', 'Sissi-isku Petrovski Jamiin'),
(2203, '84.2', 'Harno, Tua', 'Oranssi maa'),
(7633, '84.2', 'Hassinen, Pirjo', 'Kalmari : romaani'),
(5692, '84.2', 'Hattula, Markku', 'Kaukopartion kostoisku'),
(8118, '84.2', 'Hautala, Marko', 'Kuiskaava tyttö'),
(5548, '84.2', 'Heino, Jyrki', 'Kelmit, eli Tarina häikäilemättömästä'),
(4397, '84.2', 'Henriksson, Ralf', 'Pahan pankkiiri : rikosromaani'),
(2171, '84.2', 'Hickam, Homer', 'Takapenkin Albert : melkein tosi tarina miehestä'),
(6951, '84.2', 'Hietamies, Eve', 'Niin paljon kuuluu rakkauteen : romaani'),
(8846, '84.2', 'Howey, Hugh', 'Hiekka'),
(2221, '84.2', 'Huovinen, Veikko', 'Havukka-ahon ajattelija'),
(8646, '84.2', 'Håkanson, Nils', 'Rautakallo'),
(2117, '84.2', 'Iggulden, Conn', 'Ruusujen sota : veren perintö'),
(3891, '84.2', 'Ingelman-', 'Ryöstön hetki kullan kallis'),
(2786, '84.2', 'Isokallio, Kalle', 'Lontoon lampaat'),
(3449, '84.2', 'Jungstedt, Mari', 'Saaren varjoissa'),
(5173, '84.2', 'Juntunen', 'Tuntematon lapsi : romaani raskaudesta'),
(1238, '84.2', 'Kaaberbøl, Lene', 'Huomaavainen murhaaja'),
(8211, '84.2', 'Koskimies, Satu', 'Hurmion tyttäret'),
(9543, '84.2', 'Kubica, Mary', 'Pretty baby : kuinka pitkälle olet valmis'),
(1590, '84.2', 'Lehtolainen', 'Tiikerinsilmä'),
(5392, '84.2', 'Lehtolainen', 'Tiikerinsilmä'),
(7839, '84.2', 'Lemaitre, Pierre', 'Camille'),
(5894, '84.2', 'Lemaitre, Pierre', 'Irène'),
(4308, '84.2', 'Levy, Deborah', 'Uiden kotiin'),
(7787, '84.2', 'Lifländer, Tiina', 'Kolme syytä elää'),
(5192, '84.2', 'Lundberg', 'Suureen maailmaan'),
(3437, '84.2', 'Macbride, Stuart', 'Pahan postia'),
(1839, '84.2', 'Matintupa, Tuula', 'Kuolema kulkee kesässä : jännitysromaani'),
(6287, '84.2', 'Maynard, Joyce', 'Vuori talon takana'),
(8589, '84.2', 'Mentula, Mooses', 'Jääkausi : romaani'),
(7297, '84.2', 'Moyes, Jojo', 'Jos olisit tässä'),
(2490, '84.2', 'Mustonen, Enni.', 'Yhdeksäs aalto'),
(3646, '84.2', 'Nesser, Håkan', 'Carmine Streetin sokeat'),
(1379, '84.2', 'Numminen, M. A.', 'Baarien mies'),
(8763, '84.2', 'Nuotio, Eppu', 'Nainen parvekkeella'),
(5941, '84.2', 'Obioma, Chigozie', 'Kalamiehet'),
(4492, '84.2', 'Oranen, Raija', 'Ackte!'),
(7722, '84.2', 'Paasilinna, Arto', 'Neitosten karkuretki : romaani'),
(3965, '84.2', 'Palmgren, Reidar', 'Kirpputori : romaani'),
(4587, '84.2', 'Pietola, Eino', 'Sissipartio Kiestingissä'),
(8829, '84.2', 'Rajaniemi, Hannu', 'Näkymättömät planeetat'),
(5533, '84.2', 'Roberts, Nora', 'Valehtelija'),
(7382, '84.2', 'Rudberg, Denise', 'Toinen toista pahempi'),
(6404, '84.2', 'Rytisalo, Minna', 'Lempi'),
(7883, '84.2', 'Soininvaara', 'Venäläinen vieras'),
(5582, '84.2', 'Steel, Danielle', 'Hyvää syntymäpäivää'),
(9022, '84.2', 'Tabet, Sirpa', 'Lohikäärmetalvi'),
(1178, '84.2', 'Theils, Lone', 'Kohtalokas merimatka'),
(5270, '84.2', 'Tikkanen, Pentti', 'Muistojen eräretket'),
(4911, '84.2', 'Tolkien, Simon', 'Berliinin käskystä'),
(6515, '84.2', 'Tuominen, Pirjo', 'Hiljaiset huvimajat'),
(3207, '84.2', 'Turunen, Heikki', 'Hojo hojo'),
(6108, '84.2', 'Vartiainen, Petri', 'Miehen ryhti'),
(9809, '84.2', 'Vichi, Marco', 'Komisario Bordelli'),
(9650, '84.2', 'Östergren, Klas', 'Twist'),
(7697, '85.32', 'Bagge, Tapani', 'Harmaa susi'),
(5599, '85.32', 'Heilä, Ilkka, 1956-', 'B. Virtanen. Eväät on syöty'),
(8349, '85.32', 'Isayama, Hajime', 'Titaanien sota = Attack on titan. 9'),
(8596, '78.993', 'Robin, 1998-', 'Yhdessä'),
(1443, '79.84', 'Kangas', 'Keppareiden kyydissä :'),
(9582, '84.2', 'Abercrombie, Joe', 'Halki puolen maailman'),
(8130, '84.2', 'Aveyard, Victoria', 'Punainen kuningatar'),
(3070, '84.2', 'Black, Holly', 'Kuparikoura'),
(2307, '84.2', 'Gidwitz, Adam', 'Haluatko jediksi?'),
(2404, '84.2', 'Jalo, Merja, 1951-', 'Salaperäinen huuto'),
(9348, '84.2', 'Kujanpää, Mari', 'Emman salainen toive'),
(2991, '84.2', 'Luotola, Laura', 'Suoja : kaupungit ja paluu'),
(4912, '84.2', 'Maskame, Estelle', 'DIMIMY - kaipaan : did I mention I miss you?'),
(4855, '84.2', 'Niemi, Juuli', 'Et kävele yksin'),
(5526, '84.2', 'Parvela, Timo', 'Kepler62. Kirja kolme, Matka'),
(2582, '84.2', 'Peltoniemi, Sari', 'Taivazalan joutsen'),
(4673, '84.2', 'Veirto, Kalle', 'The next one'),
(6760, '84.2', 'Boehme, Julia', 'Merirosvotarinoita'),
(1903, '84.2', 'Colfer, Eoin', 'Tohtori Anna-Liisa'),
(3753, '84.2', 'Fendrich, Nadja', 'Monsteriauton matkassa'),
(6651, '84.2', 'Gorman, Karyn', 'Pelottoman Tonin hirviöapu'),
(9919, '84.2', 'Guillain, Adam', 'Peräkylän piraatit ja kykykilpailu'),
(9125, '84.2', 'Hulkko, Johanna', 'Geoetsivät ja yksikätinen madonna'),
(1771, '84.2', 'Kallioniemi, Tuula', 'Karoliina ja koulukaverit'),
(5742, '84.2', 'Kanto, Anneli', 'Kulkurikaksikko'),
(5507, '84.2', 'Kolu, Siri, 1972-', 'Karkkikumous!'),
(8760, '84.2', 'Lehikoinen', 'Kuningas Faravidin testamentti'),
(3464, '84.2', 'Mäkipää, Jari', 'Etsiväkerho Hurrikaani ja tyly tubettaja'),
(3179, '84.2', 'Nopola, Sinikka', 'Risto Räppääjä ja pullistelija'),
(7605, '84.2', 'Parvela, Timo', 'Ella ja kaverit rakentavat ihmekoneen'),
(6188, '84.2', 'Parvela, Timo', 'Paten kalastuskirja'),
(6275, '84.2', 'Reider, Katja', 'Paula ja kissanpentu'),
(4817, '84.2', 'Riddell, Chris', 'Ada Gootti ja Humisevan karju'),
(8028, '84.2', 'Watkins, Sam', 'Rufus Ritari ja hurjat turnajaiset'),
(9758, '84.2', 'Vogel, Maja von', 'Kivaa olla tyttö!');

--
-- Indexes for dumped tables
--

--
-- Indexes for table `asiakkaat`
--
ALTER TABLE `asiakkaat`
  ADD PRIMARY KEY (`asiakasnro`);

--
-- Indexes for table `niteet`
--
ALTER TABLE `niteet`
  ADD PRIMARY KEY (`nide_id`);

--
-- Indexes for table `teokset`
--
ALTER TABLE `teokset`
  ADD PRIMARY KEY (`teos_id`);

--
-- AUTO_INCREMENT for dumped tables
--

--
-- AUTO_INCREMENT for table `asiakkaat`
--
ALTER TABLE `asiakkaat`
  MODIFY `asiakasnro` int(11) NOT NULL AUTO_INCREMENT, AUTO_INCREMENT=991804;
--
-- AUTO_INCREMENT for table `niteet`
--
ALTER TABLE `niteet`
  MODIFY `nide_id` int(11) NOT NULL AUTO_INCREMENT, AUTO_INCREMENT=8076;
--
-- AUTO_INCREMENT for table `teokset`
--
ALTER TABLE `teokset`
  MODIFY `teos_id` int(11) NOT NULL AUTO_INCREMENT, AUTO_INCREMENT=9920;
/*!40101 SET CHARACTER_SET_CLIENT=@OLD_CHARACTER_SET_CLIENT */;
/*!40101 SET CHARACTER_SET_RESULTS=@OLD_CHARACTER_SET_RESULTS */;
/*!40101 SET COLLATION_CONNECTION=@OLD_COLLATION_CONNECTION */;